,2002,2001,2000
Basic net income available for common shares,"$161,272","$229,967","$212,958"
Joint venture partner convertible ownership net income,—,"3,423",—
Minority interest in earnings of common unitholders,"18,568","32,463","32,071"
Diluted net income available for common shares and dilutive potential common shares,"$179,840","$265,853","$245,029"
Weighted average number of common shares outstanding,"133,981","129,660","126,836"
Weighted average partnership units outstanding,"15,442","18,301","19,070"
Joint venture partner convertible ownership common share equivalents,—,"2,092",—
Dilutive shares for stock-based compensation plans,"1,416","1,657","1,535"
Weighted average number of common shares and dilutive potential common shares,"150,839","151,710","147,441"
