,Fiscal Years Ended,Percentage of Revenues
(in millions),"March 31, 2018","March 31, 2017<sup>(1)</sup>","April 1, 2016<sup>(1)</sup>",2018,2017<sup>(1)</sup>,2016<sup>(1)</sup>
Costs of services (excludes depreciation and amortization and restructuring costs),"$17,944","$5,545","$5,185",73.0%,72.9%,73.0%
"Selling, general and administrative (excludes depreciation and amortization and restructuring costs)","2,010","1,279","1,059",8.2,16.8,14.9
Depreciation and amortization,"1,964",647,658,8.0,8.5,9.3
Restructuring costs,803,238,23,3.3,3.1,0.3
"Interest expense, net",246,82,85,1.0,1.1,1.2
Debt extinguishment costs,—,—,95,—,—,1.3
"Other income, net",(82),(10),(9),(0.3),(0.1),(0.1)
Total costs and expenses,"$22,885","$7,781","$7,096",93.2%,102.3%,99.9%
