,Payments Due by Fiscal Year
In Millions,Total,2018,2019 -20,2021 -22,2023 and Thereafter
Long-term debt (a),"$8,290.6",604.2,"2,647.7","1,559.3","3,479.4"
Accrued interest,83.8,83.8,—,—,—
Operating leases (b),500.7,118.8,182.4,110.4,89.1
Capital leases,1.2,0.4,0.6,0.1,0.1
Purchase obligations (c),"3,191.0","2,304.8",606.8,264.3,15.1
Total contractual obligations,"12,067.3","3,112.0","3,437.5","1,934.1","3,583.7"
Other long-term obligations (d),"1,372.7",—,—,—,—
Total long-term obligations,"$13,440.0","$3,112.0","$3,437.5","$1,934.1","$3,583.7"
