,IAN,CMG,Total 1
"Balance as of December 31, 2007","$2,789.7",$441.9,"$3,231.6"
Current year acquisitions,99.5,1.8,101.3
Contingent and deferred payments for prior acquisitions,28.9,1.1,30.0
Other (primarily foreign currency translation),(128.1),(13.9),(142.0)
"Balance as of December 31, 2008","$2,790.0",$430.9,"$3,220.9"
Current year acquisitions<sup>2</sup>,5.2,—,5.2
Contingent and deferred payments for prior acquisitions,14.2,—,14.2
Other (primarily foreign currency translation),76.2,4.5,80.7
"Balance as of December 31, 2009","$2,885.6",$435.4,"$3,321.0"
