"Year ended December 31,(in millions, except rates)",2017,2016,2015
Net interest income â€“ managed basis<sup>(a)(b)</sup>,"$51,410","$47,292","$44,620"
Less: CIB Markets net interest income<sup>(c)</sup>,"4,630","6,334","5,298"
Net interest income excluding CIB Markets<sup>(a)</sup>,"$46,780","$40,958","$39,322"
Average interest-earning assets,"$2,180,592","$2,101,604","$2,088,242"
Less: Average CIB Markets interest-earning assets<sup>(c)</sup>,"540,835","520,307","510,292"
Average interest-earning assets excluding CIB Markets,"$1,639,757","$1,581,297","$1,577,950"
Net interest yield on average interest-earning assets â€“ managed basis,2.36%,2.25%,2.14%
Net interest yield on average CIB Markets interest-earning assets<sup>(c)</sup>,0.86,1.22,1.04
Net interest yield on average interest-earning assets excluding CIB Markets,2.85%,2.59%,2.49%
