(Millions),2005,2004,2003
Change in short-term debt — net,$(258),$399,$(215)
Repayment of debt (maturities greater than 90 days),(656),(868),(719)
Proceeds from debt (maturities greater than 90 days),429,358,494
Total change in debt,$(485),$(111),$(440)
Purchases of treasury stock,"(2,377)","(1,791)",(685)
Reissuances of treasury stock,545,508,555
Dividends paid to stockholders,"(1,286)","(1,125)","(1,034)"
Distributions to minority interests and other — net,(76),(15),(23)
Net cash used in financing activities,"$(3,679)","$(2,534)","$(1,627)"
