,2010,2009,2008
Balance at beginning of year,$242.2,$611.9,$23.2
Additions due to the Allied acquisition,-,13.3,582.9
Additions based on tax positions related to current year,2.8,3.9,10.6
Reductions for tax positions related to the current year,-,-,(5.1)
Additions for tax positions of prior years,7.5,5.6,2.0
Reductions for tax positions of prior years,(7.4),(24.1),(1.3)
Reductions for tax positions resulting from lapse of statute of limitations,(10.4),(0.5),(0.4)
Settlements,(11.9),(367.9),-
Balance at end of year,$222.8,$242.2,$611.9
