,2019,2018,2017
Balance at beginning of fiscal year,$127.1,$148.9,$166.8
Additions related to purchase accounting<sup>(1)</sup>,1.0,3.4,7.7
Additions for tax positions taken in current year<sup>(2)</sup>,103.8,3.1,5.0
Additions for tax positions taken in prior fiscal years,1.8,18.0,15.2
Reductions for tax positions taken in prior fiscal years,( 0.5),( 5.3),( 25.6)
Reductions due to settlement<sup>(3)</sup>,( 4.0),( 29.4),( 14.1)
(Reductions) additions for currency translation adjustments,(1.7),(9.6),2.0
Reductions as a result of a lapse of the applicable statute oflimitations,( 3.2),( 2.0),( 8.1)
Balance at end of fiscal year,$224.3,$127.1,$148.9
